Metrics,Values
mae_train,64.68590847154843
mse_train,139.384209837166
rmse_train,11.806109004967132
mae_test,144.3453304461594
mse_test,263.87838041576697
rmse_test,16.244333794150098
