Metrics,Values
mae_train,335.48274084276255
mse_train,513.3878567771878
rmse_train,22.658063835579327
mae_test,330.274243729419
mse_test,478.70647985375115
rmse_test,21.87936196176093
