Metrics,Values
mae_train,545.6142611270669
mse_train,776.8454102776305
rmse_train,27.87194665389611
mae_test,952.3489281622246
mse_test,1275.5273538272718
rmse_test,35.71452580991762
